{
  "hash": "a4ba49f0",
  "configHash": "7b31f225",
  "lockfileHash": "4d59f44c",
  "browserHash": "2f5437ca",
  "optimized": {
    "@angular/common": {
      "src": "../../../../../node_modules/@angular/common/fesm2022/common.mjs",
      "file": "@angular_common.js",
      "fileHash": "fd0c9def",
      "needsInterop": false
    },
    "@angular/core": {
      "src": "../../../../../node_modules/@angular/core/fesm2022/core.mjs",
      "file": "@angular_core.js",
      "fileHash": "81bd6a7d",
      "needsInterop": false
    },
    "@angular/forms": {
      "src": "../../../../../node_modules/@angular/forms/fesm2022/forms.mjs",
      "file": "@angular_forms.js",
      "fileHash": "1a551584",
      "needsInterop": false
    },
    "@angular/platform-browser": {
      "src": "../../../../../node_modules/@angular/platform-browser/fesm2022/platform-browser.mjs",
      "file": "@angular_platform-browser.js",
      "fileHash": "408e8365",
      "needsInterop": false
    },
    "@angular/router": {
      "src": "../../../../../node_modules/@angular/router/fesm2022/router.mjs",
      "file": "@angular_router.js",
      "fileHash": "00fc6966",
      "needsInterop": false
    }
  },
  "chunks": {
    "chunk-TXDK3YIR": {
      "file": "chunk-TXDK3YIR.js"
    },
    "chunk-BCI4JWLY": {
      "file": "chunk-BCI4JWLY.js"
    },
    "chunk-HVFU3AXE": {
      "file": "chunk-HVFU3AXE.js"
    }
  }
}